{"n_components": 3, "means": [[0.2928810235639485, 1.2911361982345166], [2.7819765630061752, -0.699350887045334], [-2.573783650812678, -2.4772242017907558]], "covariances": [[[0.7101091987201629, 0.0], [0.0, 0.7101091987201629]], [[1.116309922773969, 0.0], [0.0, 1.116309922773969]], [[1.0890783754749251, 0.0], [0.0, 1.0890783754749251]]], "weights": [0.27237690309173274, 0.5133275916175076, 0.2142955052907596]}