{"n_components": 2, "means": [[-0.38403058714797744, -2.844442609032652], [-1.772108195772945, 0.7156257981039822]], "covariances": [[[0.7898964021023569, 0.0], [0.0, 0.7898964021023569]], [[0.78004818253086, 0.0], [0.0, 0.78004818253086]]], "weights": [0.5630516809523654, 0.43694831904763454]}