{"n_components": 1, "means": [[0.2928810235639485, 1.2911361982345166]], "covariances": [[[1.001381688035822, 0.0], [0.0, 1.001381688035822]]], "weights": [1.0]}