{"n_components": 4, "means": [[-0.38403058714797744, -2.844442609032652], [0.29797486727225486, -0.3880656442903385], [-1.772108195772945, 0.7156257981039822], [2.1238517558369328, -0.034578975708432935]], "covariances": [[[2.346561485357468, 0.0], [0.0, 2.346561485357468]], [[1.5796454770090609, 0.0], [0.0, 1.5796454770090609]], [[2.005246090121704, 0.0], [0.0, 2.005246090121704]], [[1.565286504386878, 0.0], [0.0, 1.565286504386878]]], "weights": [0.3725649108224089, 0.20769214627578855, 0.1598058527213976, 0.25993709018040484]}